year,null,Agent 99,Agent X,Akeem,Uncle Al,Angel D. Monique,Ani,Anoush Ella,"Anubis, God of Jackals",Ann Arbor,Arno X,Asa,Austin Space,Bad Daddy,Belladonna,Sarah Bellum,Fred Renard,Maskatron,Bixote,Blackheart,Ice Blaze,Crystal Blue,Boo Radley,Bootz,Daryl Licht,Strange Lee Brown,Monkey Punch,Buster,Andy Cadaver,Caramellow,M.C. Christ,J.C. Clone,Crimson Retrospect,Harry Cross,Cujo,Dr Brother Goat Cult,Curtis Jay,Krzton Drda,Cy Thoth,Count Zero,The Reverend Dah Wav,Dangerous Dan,Arthur Dent,Big Myke Destiny,Jack Diamond,Jack Diddly,Dinsdale,Phil Dirt,Pete Dixon,Mad Michael P,D. Mic,Johnny Dollar,Dorian Gray,Shawn Dupree,Tony DuShane,Earwig,Eeyore,Ein,Robert Emmett,Dave Emory,Nothing Man,Fitz Ludlow,Tom Foolery,Guy Forget,Joe Friday,Frieda Leave,Frahm de Future,G Squared,Gallium Arsenide,The Garbage Man,Mr. Green Genes,Martinez,Gimp Ferret,Dr. Goatcult,John Goldfarb,Zero Gravity,Grawer,Jack-in-the-Green,Vinny Fink,The Grinch,Groundswell,Solomon Grundy,Guido,Hairy Kari,Hank Ten,Mr. Hate,The Mad Hatter,Hawkeye Joe,Thurston Hunger,Hunter Gatherer,Ira F. Brilliant,Iris Osiris,Pierce Payne,Japanic,Joe Ed Dick,Justin Outlier,Kalvin Krebs,Art Crimes,Kevin O`Dante,George Foothill,Kaye Effigy-Sea,kj Dweller,Stanley Kup,Leia Organa,Ronnie Libido,Bob San,Lister,Dustin Lungs,Logan 5,Lola,Cynthia Lombard,Roland Blunt,Mr. Lucky,Mac,Les Ismoore,DJ Manic,Maybelline,Sophie Blue,Morris Minor,Miss Fit,Mitch LeMay,The Mole,Mona Lott,Monchichi,Monster Zero,Phillip Morris,Motormouth,Ms. Tiza,Terry Tyke,Mud Luscious,Mz. Fyre,Nancy Reagan,Natasha,The Nights,Nozmo King,Teachers AIDS,Ophelia Necro,Optimus,Oscar Hox,Tara Paige,Pandora Vox,Peggy O,Phlebas the Phoenician,Pillar of Salt,Eddie Pombo,Quantum Leap,Ras Babo,Ray X,R Beast,Reject Girl,Dave Richoux,Rocket J Squirrel,Rocky Rococo,Anthony Fremont,The Zoo Keeper,Dave Rose,Toni Rumori,Regis Hyde,Dave Saxon,Seafood Bob,Silent Partner,Skokiian Guy,Slade Grantham,Sluggo,Jack Soil,Spiderman,Spliff Skankin,Sprink,Stingray,Doctor Strange,Earl Grey,Max Level,Trinity,Dominic Trix,Ned Walker,Gram Sayles,Dave Wohlman,Goodwrench,Doc Zira,Zzzzz,Neil Grovel,Numa,Zoltan,Cinderaura,Galaxie 500,Sailor Dave,Lou Nautique,Nic Electro,TNT,Nyqui Nyquil,Jawbone,Jordan,Giant Catfish,Cap'n Jack,From The Vault,Harry Haller,SAL 9000,Queen Chalice,Mookie,Misha Cub,Pax Humana,DJ Autumn,Rowan Hawthorn,Cadillac Margarita,Cousin Mary,Nick Sputnik,Dada Diogenes,Tyler Martin,Sophia Sage,Bump Analog,Animal Gin,Johnny Darko,Tekton,moodkiller,Thom Ankhs,Craig Bentley,Marlena Poliatevska,C.H. Skewer,Dark Helmet,Page of Wands,josie d.,Haack,Cat Collider,Rarus Avis,Nile Skism,Sally Goodin,Pocatello Yardmaster,Sports Middle,Thoughtline,Apollo Hades,Screamin' Janie Freeman,HackersMuse,Mercury,theJestre,Wil Crusher,Olmec,Josh Griffith,Ed Tide,Sir Cumference,Train Wreck,Baileytron,Vic Vegas,pArcel pOst,Orpheus,Jazz Collective,Eric Blair,Mr Sandman,Resykle,Curtis Kimby,Leo the Lion,Magic Jack,johnald mcdonald,George Spelvin,Surfer Rosa,Nicky Gee,Andy Wiggin,Donovan Sterling,Victoria West,Shark Starr I,Melody,Dianthus,Valonne,abacus finch     ,Mickey Slim,Laethaka,DJ Sp3shial Option,Scanner Darkly,Jersey Girl,Muad dib,Casper Marie,Soul Patrol,Mr. Wrong,Emma Dilemma ,Greta Clue,Thee Opinataur,Theta Thales,Fats Terminal,Lord Gravestench,Eddie Abandon,John Lilly,Serendipity,Portuguese Water Dog,Pope Dope,Space E,Francis Ambulance,Fiddle Andabow,Guy Incognito,Slowdivine,Ben Zedrine,Naysayer,Audiophile Archive,Ritz Zamboni,Mann The General,Honey Bear,Carson Street,Paulsky,Chuck Taylors,Buzzy,Edison Einstein,Fox Populi,Scab Pickens,DJ Click,Sly Masterson,Public Domain,Hell'n Hairspray,Selector,Bob Lindsey,Dirty Frank,Leela Dax,Billie Joe Tolliver,Lady Labyrinth,Sid Badguy,Mr Slippy,Lurker,Rat King,The Window,Pants,Human,Noah Countability,mouthbreather,Kodama,R Duck,Bateson Belfry,Peter Doubt,Hemroid the Leader,Morada,Dennis O,Ragdoll,Avakhov,Mind Surfer,Anomaly,Dylan Tante,Mance,Louie Caliente,Arcanum,Double Felix,Dusty Rhodes,Dani Max,Abaza,Iota,Social Norm,Droll,Devlyn,Herb Rockwell,Art Deco,Milo Minderbender,Lexi Glass,Tim Horton,Alizarin Crim,Moloko Plus,Johnny Mnemonic,Jim Hunter,Jack Tar,Cocktailsfor2,Mr. O,Les Payne,Swamp Bunny,Monotone Heroine,Dog Person,Phil Phactor,Carpet Crawler,Kato,Poor Kitten,Self Titled,dr doug,Austereo,Otto Tune,Tori Roman,Katie 2,Pony,D Artagnan,Betsy,Skynation,Lucky Jae,Whinger,Slartibartfast,Medusa of Troy,Buddy Love,Kimbrosia,Apparition,Bully Demise,Atavist,Scott Free,Earth Tide,Quimera,Mystery Girl,DJB,Terra Incognita,Bryan Chandler,Merk,TxC,KFJC Penny Pitch,KFJC Remote Broadcast,Cassidy,Jay Omega,Robin Banks,Comedown Kid,Buck Wilde,KFJC archive rebroadcast,KFJC archive rebroadcast 2,Kfjc Archive Rebroadcast 3,Gonk The Computer
1996,0,8,0,3,41,0,0,0,74,58,35,0,0,0,0,0,0,12,0,0,0,0,0,0,3,10,0,15,28,0,0,43,3,0,0,0,7,0,0,0,17,0,2,44,45,3,43,47,43,0,0,0,0,0,0,0,1,0,50,0,0,9,0,48,0,55,0,0,0,0,0,0,0,51,15,52,38,0,41,0,0,54,0,48,10,54,0,6,55,0,0,0,0,0,52,0,0,0,14,120,0,12,0,47,19,13,0,0,0,0,0,0,0,0,0,0,0,0,0,0,0,44,0,0,6,62,0,0,0,0,0,0,0,0,0,0,0,0,48,28,22,49,0,0,18,0,45,0,0,0,28,46,0,0,0,0,0,0,0,0,0,0,25,0,0,60,46,12,0,27,31,0,0,62,56,31,0,48,0,0,0,0,0,0,0,0,0,0,0,0,0,0,0,0,0,0,0,0,0,0,0,0,0,0,0,0,0,0,0,0,0,0,0,0,0,0,0,0,0,0,0,0,0,0,0,0,0,0,0,0,0,0,0,0,0,0,0,0,0,0,0,0,0,0,0,0,0,0,0,0,0,0,0,0,0,0,0,0,0,0,0,0,0,0,0,0,0,0,0,0,0,0,0,0,0,0,0,0,0,0,0,0,0,0,0,0,0,0,0,0,0,0,0,0,0,0,0,0,0,0,0,0,0,0,0,0,0,0,0,0,0,0,0,0,0,0,0,0,0,0,0,0,0,0,0,0,0,0,0,0,0,0,0,0,0,0,0,0,0,0,0,0,0,0,0,0,0,0,0,0,0,0,0,0,0,0,0,0,0,0,0,0,0,0,0,0,0,0,0,0,0,0,0,0,0,0,0,0,0,0,0,0,0,0,0,0,0,0,0,0,0,0,0,0,0,0,0,0,0,0,0,0
1997,0,2,0,11,53,28,0,0,63,46,59,0,0,0,0,15,0,10,0,0,0,0,0,0,1,75,0,42,2,0,0,37,3,7,0,0,5,0,0,0,2,0,1,44,50,0,37,50,46,0,0,0,0,0,0,0,5,0,53,0,0,0,0,33,0,17,0,0,0,0,0,0,0,47,78,48,43,0,44,0,0,51,0,15,1,47,0,12,55,0,4,0,0,0,51,0,0,0,5,68,0,4,3,28,0,10,9,0,0,0,0,0,0,0,0,0,14,0,0,0,0,39,0,0,60,50,0,0,0,0,0,0,0,0,0,0,0,0,71,4,53,46,0,0,0,0,53,0,0,3,54,51,0,0,0,0,0,0,0,0,0,0,0,0,26,58,45,0,0,36,21,0,0,56,38,40,0,54,0,0,0,0,0,0,0,0,0,0,0,0,0,0,0,0,0,0,0,0,0,0,0,0,0,0,0,0,0,0,0,0,0,0,0,0,0,0,0,0,0,0,0,0,0,0,0,0,0,0,0,0,0,0,0,0,0,0,0,0,0,0,0,0,0,0,0,0,0,0,0,0,0,0,0,0,0,0,0,0,0,0,0,0,0,0,0,0,0,0,0,0,0,0,0,0,0,0,0,0,0,0,0,0,0,0,0,0,0,0,0,0,0,0,0,0,0,0,0,0,0,0,0,0,0,0,0,0,0,0,0,0,0,0,0,0,0,0,0,0,0,0,0,0,0,0,0,0,0,0,0,0,0,0,0,0,0,0,0,0,0,0,0,0,0,0,0,0,0,0,0,0,0,0,0,0,0,0,0,0,0,0,0,0,0,0,0,0,0,0,0,0,0,0,0,0,0,0,0,0,0,0,0,0,0,0,0,0,0,0,0,0,0,0,0,0,0,0,0,0,0,0,0,0
1998,0,0,0,11,14,41,0,0,60,53,0,0,0,0,3,30,0,1,0,0,26,5,16,0,0,26,0,70,2,0,0,16,0,0,0,3,0,0,0,0,0,0,0,51,42,0,46,47,52,0,0,0,0,0,0,0,1,0,52,0,0,0,0,0,0,7,0,0,0,0,14,0,0,27,77,44,40,41,46,0,0,19,0,19,0,47,0,8,53,0,0,0,0,27,50,0,0,0,5,55,0,34,0,6,0,7,23,0,0,0,3,48,0,0,0,0,65,0,0,0,4,7,0,0,63,48,10,0,0,0,0,0,0,0,6,0,0,0,41,0,54,46,0,0,0,0,6,0,0,24,69,60,53,0,0,0,0,0,0,0,0,0,0,0,48,57,57,1,0,23,27,0,0,52,17,35,0,52,0,0,0,0,0,0,0,0,0,0,0,0,0,0,0,0,0,0,0,0,0,0,0,0,0,0,0,0,0,0,0,0,0,0,0,0,0,0,0,0,0,0,0,0,0,0,0,0,0,0,0,0,0,0,0,0,0,0,0,0,0,0,0,0,0,0,0,0,0,0,0,0,0,0,0,0,0,0,0,0,0,0,0,0,0,0,0,0,0,0,0,0,0,0,0,0,0,0,0,0,0,0,0,0,0,0,0,0,0,0,0,0,0,0,0,0,0,0,0,0,0,0,0,0,0,0,0,0,0,0,0,0,0,0,0,0,0,0,0,0,0,0,0,0,0,0,0,0,0,0,0,0,0,0,0,0,0,0,0,0,0,0,0,0,0,0,0,0,0,0,0,0,0,0,0,0,0,0,0,0,0,0,0,0,0,0,0,0,0,0,0,0,0,0,0,0,0,0,0,0,0,0,0,0,0,0,0,0,0,0,0,0,0,0,0,0,0,0,0,0,0,0,0,0
1999,0,1,0,5,11,22,0,0,57,49,1,0,0,0,0,1,0,0,0,15,20,15,57,0,0,0,24,14,3,0,4,9,0,0,0,7,1,0,0,0,0,2,1,57,25,0,22,48,57,0,0,0,1,0,0,14,0,0,49,0,0,0,0,2,0,10,0,0,0,0,1,0,0,16,54,44,45,4,15,1,0,4,5,45,0,38,0,15,51,0,0,0,3,31,53,0,0,0,2,68,0,4,0,0,0,4,0,0,0,0,47,95,0,0,2,0,52,0,0,0,103,1,0,0,38,25,19,0,0,0,0,0,0,7,2,0,0,11,44,0,51,44,0,23,1,0,0,0,0,55,50,45,56,0,0,0,0,0,72,0,0,0,0,0,51,50,56,0,0,4,43,17,6,43,16,8,0,51,0,0,0,0,0,0,0,0,0,0,0,0,0,0,0,0,0,0,0,0,0,0,0,0,0,0,0,0,0,0,0,0,0,0,0,0,0,0,0,0,0,0,0,0,0,0,0,0,0,0,0,0,0,0,0,0,0,0,0,0,0,0,0,0,0,0,0,0,0,0,0,0,0,0,0,0,0,0,0,0,0,0,0,0,0,0,0,0,0,0,0,0,0,0,0,0,0,0,0,0,0,0,0,0,0,0,0,0,0,0,0,0,0,0,0,0,0,0,0,0,0,0,0,0,0,0,0,0,0,0,0,0,0,0,0,0,0,0,0,0,0,0,0,0,0,0,0,0,0,0,0,0,0,0,0,0,0,0,0,0,0,0,0,0,0,0,0,0,0,0,0,0,0,0,0,0,0,0,0,0,0,0,0,0,0,0,0,0,0,0,0,0,0,0,0,0,0,0,0,0,0,0,0,0,0,0,0,0,0,0,0,0,0,0,0,0,0,0,0,0,0,0,0,0
2000,0,1,0,4,49,43,0,0,44,57,0,0,0,0,0,0,0,0,0,0,0,2,51,0,1,8,32,1,11,0,1,8,0,0,0,2,0,0,0,5,0,17,11,48,2,0,0,49,48,0,0,0,27,0,0,18,0,0,51,0,0,0,14,0,0,8,0,0,13,9,0,1,0,2,68,46,35,0,5,0,0,5,9,12,0,40,0,27,44,0,0,13,30,49,54,0,20,0,1,122,0,4,0,0,0,5,0,0,3,0,36,65,0,0,11,0,52,0,0,0,74,0,0,0,9,2,0,0,0,0,0,0,0,0,26,0,0,4,42,0,52,44,0,45,7,0,0,0,0,51,48,41,52,26,0,0,23,0,84,0,0,0,0,0,38,50,67,0,0,8,25,43,24,41,0,11,21,4,0,0,0,0,0,0,0,0,0,0,0,0,0,0,0,0,0,0,0,0,0,0,0,0,0,0,0,0,0,0,0,0,0,0,0,0,0,0,0,0,0,0,0,0,0,0,0,0,0,0,0,0,0,0,0,0,0,0,0,0,0,0,0,0,0,0,0,0,0,0,0,0,0,0,0,0,0,0,0,0,0,0,0,0,0,0,0,0,0,0,0,0,0,0,0,0,0,0,0,0,0,0,0,0,0,0,0,0,0,0,0,0,0,0,0,0,0,0,0,0,0,0,0,0,0,0,0,0,0,0,0,0,0,0,0,0,0,0,0,0,0,0,0,0,0,0,0,0,0,0,0,0,0,0,0,0,0,0,0,0,0,0,0,0,0,0,0,0,0,0,0,0,0,0,0,0,0,0,0,0,0,0,0,0,0,0,0,0,0,0,0,0,0,0,0,0,0,0,0,0,0,0,0,0,0,0,0,0,0,0,0,0,0,0,0,0,0,0,0,0,0,0,0,0
2001,0,2,0,2,56,44,0,0,52,60,0,0,0,0,0,0,0,0,0,0,0,0,63,0,2,0,0,0,12,0,0,11,0,0,0,1,0,0,0,2,0,0,2,63,0,0,1,45,50,0,26,0,17,0,0,0,0,0,57,0,0,0,0,0,0,14,0,0,65,42,0,0,0,8,71,41,38,0,9,0,0,13,2,1,0,11,0,62,51,0,0,43,4,49,51,0,58,0,4,41,0,16,0,1,0,6,0,0,29,0,40,58,0,0,0,0,41,0,0,4,67,0,0,0,15,6,0,0,20,0,9,0,0,0,54,38,27,0,33,0,29,42,21,63,0,0,4,0,3,26,62,5,16,61,1,0,20,0,22,0,0,0,0,0,6,0,77,0,0,8,5,33,41,40,0,22,4,0,0,0,0,0,0,0,0,0,0,0,0,0,0,0,0,0,0,0,0,0,0,0,0,0,0,0,0,0,0,0,0,0,0,0,0,0,0,0,0,0,0,0,0,0,0,0,0,0,0,0,0,0,0,0,0,0,0,0,0,0,0,0,0,0,0,0,0,0,0,0,0,0,0,0,0,0,0,0,0,0,0,0,0,0,0,0,0,0,0,0,0,0,0,0,0,0,0,0,0,0,0,0,0,0,0,0,0,0,0,0,0,0,0,0,0,0,0,0,0,0,0,0,0,0,0,0,0,0,0,0,0,0,0,0,0,0,0,0,0,0,0,0,0,0,0,0,0,0,0,0,0,0,0,0,0,0,0,0,0,0,0,0,0,0,0,0,0,0,0,0,0,0,0,0,0,0,0,0,0,0,0,0,0,0,0,0,0,0,0,0,0,0,0,0,0,0,0,0,0,0,0,0,0,0,0,0,0,0,0,0,0,0,0,0,0,0,0,0,0,0,0,0,0,0
2002,0,3,0,0,55,11,0,0,55,59,0,0,20,4,49,0,0,0,0,0,0,0,63,15,5,0,1,0,3,0,0,8,0,0,0,0,0,0,0,2,0,7,2,6,0,0,0,46,47,0,0,11,4,0,1,0,0,0,72,0,0,0,0,0,0,26,0,0,51,36,0,0,0,4,84,45,45,0,9,0,0,5,0,0,0,3,0,19,55,0,0,23,0,52,52,0,57,11,15,36,0,50,0,0,0,2,0,0,9,6,36,142,0,0,0,0,53,10,0,8,78,0,0,0,9,23,2,5,59,0,15,0,0,0,11,70,73,5,42,0,4,46,13,68,4,0,1,0,0,2,56,4,5,47,2,0,0,0,0,0,0,0,0,0,5,0,78,0,0,8,1,45,38,52,0,5,0,0,0,0,0,0,0,0,0,0,0,0,0,0,0,0,0,0,0,0,0,0,0,0,0,0,0,0,0,0,0,0,0,0,0,0,0,0,0,0,0,0,0,0,0,0,0,0,0,0,0,0,0,0,0,0,0,0,0,0,0,0,0,0,0,0,0,0,0,0,0,0,0,0,0,0,0,0,0,0,0,0,0,0,0,0,0,0,0,0,0,0,0,0,0,0,0,0,0,0,0,0,0,0,0,0,0,0,0,0,0,0,0,0,0,0,0,0,0,0,0,0,0,0,0,0,0,0,0,0,0,0,0,0,0,0,0,0,0,0,0,0,0,0,0,0,0,0,0,0,0,0,0,0,0,0,0,0,0,0,0,0,0,0,0,0,0,0,0,0,0,0,0,0,0,0,0,0,0,0,0,0,0,0,0,0,0,0,0,0,0,0,0,0,0,0,0,0,0,0,0,0,0,0,0,0,0,0,0,0,0,0,0,0,0,0,0,0,0,0,0,0,0,0,0,0
2003,0,0,0,0,61,3,0,0,58,59,0,0,5,8,41,0,3,0,0,0,0,0,42,18,8,0,0,0,3,14,0,2,0,0,0,0,0,0,0,0,0,109,0,17,0,0,0,47,50,0,0,26,1,0,2,0,0,0,54,0,0,0,0,0,17,11,0,0,50,25,0,0,0,2,78,43,39,0,24,0,0,15,0,0,0,1,0,21,50,0,0,14,0,59,54,0,17,24,49,33,1,49,0,0,0,12,0,0,1,3,37,51,0,0,0,0,47,16,55,0,75,0,0,0,1,10,0,45,40,0,3,5,14,0,12,30,75,9,44,0,17,49,1,37,1,12,0,35,0,7,47,6,8,49,0,0,0,0,0,0,10,0,0,0,0,0,82,0,0,0,0,37,42,54,0,20,0,0,0,0,0,0,0,0,0,0,0,0,0,0,0,0,0,0,0,0,0,0,0,0,0,0,0,0,0,0,0,0,0,0,0,0,0,0,0,0,0,0,0,0,0,0,0,0,0,0,0,0,0,0,0,0,0,0,0,0,0,0,0,0,0,0,0,0,0,0,0,0,0,0,0,0,0,0,0,0,0,0,0,0,0,0,0,0,0,0,0,0,0,0,0,0,0,0,0,0,0,0,0,0,0,0,0,0,0,0,0,0,0,0,0,0,0,0,0,0,0,0,0,0,0,0,0,0,0,0,0,0,0,0,0,0,0,0,0,0,0,0,0,0,0,0,0,0,0,0,0,0,0,0,0,0,0,0,0,0,0,0,0,0,0,0,0,0,0,0,0,0,0,0,0,0,0,0,0,0,0,0,0,0,0,0,0,0,0,0,0,0,0,0,0,0,0,0,0,0,0,0,0,0,0,0,0,0,0,0,0,0,0,0,0,0,0,0,0,0,0,0,0,0,0,0
2004,0,1,8,0,63,0,3,7,53,61,0,3,9,1,40,0,0,0,13,0,0,0,11,8,3,0,0,0,2,7,0,2,0,0,33,0,0,0,0,0,0,131,0,2,0,0,0,43,54,0,0,13,0,0,0,0,0,10,75,15,10,0,0,0,11,3,0,22,48,3,0,0,13,2,72,48,43,0,3,0,34,2,0,0,0,2,10,21,26,25,0,0,0,9,53,0,10,32,6,12,0,42,0,0,0,4,0,0,2,0,33,7,62,8,0,0,39,0,79,0,75,0,0,41,4,0,0,49,37,21,0,7,26,0,35,9,59,0,45,0,3,51,2,4,1,2,0,3,0,2,46,10,20,71,0,6,0,12,0,12,7,4,0,0,0,0,63,0,65,0,1,43,46,46,0,45,0,0,36,0,0,0,0,0,0,0,0,0,0,0,0,0,0,0,0,0,0,0,0,0,0,0,0,0,0,0,0,0,0,0,0,0,0,0,0,0,0,0,0,0,0,0,0,0,0,0,0,0,0,0,0,0,0,0,0,0,0,0,0,0,0,0,0,0,0,0,0,0,0,0,0,0,0,0,0,0,0,0,0,0,0,0,0,0,0,0,0,0,0,0,0,0,0,0,0,0,0,0,0,0,0,0,0,0,0,0,0,0,0,0,0,0,0,0,0,0,0,0,0,0,0,0,0,0,0,0,0,0,0,0,0,0,0,0,0,0,0,0,0,0,0,0,0,0,0,0,0,0,0,0,0,0,0,0,0,0,0,0,0,0,0,0,0,0,0,0,0,0,0,0,0,0,0,0,0,0,0,0,0,0,0,0,0,0,0,0,0,0,0,0,0,0,0,0,0,0,0,0,0,0,0,0,0,0,0,0,0,0,0,0,0,0,0,0,0,0,0,0,0,0,0,0
2005,0,0,0,0,59,0,0,3,52,53,0,0,8,0,40,0,0,0,21,0,0,0,3,0,0,0,0,0,1,0,0,1,0,0,15,0,0,20,52,0,0,120,2,0,1,0,0,33,55,0,0,1,0,37,0,0,0,0,96,7,6,0,0,0,2,0,5,0,47,0,0,0,0,1,63,49,44,0,0,0,61,1,0,0,1,0,16,1,16,57,0,0,0,0,47,58,7,34,2,67,0,11,0,0,0,0,0,0,0,0,39,0,53,10,0,1,35,0,69,0,59,0,0,55,5,0,0,9,26,28,1,2,59,0,56,2,62,0,45,0,0,45,0,1,0,0,0,1,0,5,50,20,7,46,0,4,0,0,0,23,0,2,0,0,0,0,58,0,45,1,1,52,48,46,0,2,0,39,0,0,52,1,0,0,16,0,0,0,0,0,0,0,0,0,0,0,0,0,0,0,0,0,0,0,0,0,0,0,0,0,0,0,0,0,0,0,0,0,0,0,0,0,0,0,0,0,0,0,0,0,0,0,0,0,0,0,0,0,0,0,0,0,0,0,0,0,0,0,0,0,0,0,0,0,0,0,0,0,0,0,0,0,0,0,0,0,0,0,0,0,0,0,0,0,0,0,0,0,0,0,0,0,0,0,0,0,0,0,0,0,0,0,0,0,0,0,0,0,0,0,0,0,0,0,0,0,0,0,0,0,0,0,0,0,0,0,0,0,0,0,0,0,0,0,0,0,0,0,0,0,0,0,0,0,0,0,0,0,0,0,0,0,0,0,0,0,0,0,0,0,0,0,0,0,0,0,0,0,0,0,0,0,0,0,0,0,0,0,0,0,0,0,0,0,0,0,0,0,0,0,0,0,0,0,0,0,0,0,0,0,0,0,0,0,0,0,0,0,0,0,0,0
2006,0,1,0,0,52,5,0,0,55,52,0,0,23,0,40,0,0,0,4,0,0,0,0,0,0,0,0,0,2,0,0,4,0,0,29,0,0,18,78,0,0,114,0,0,0,0,0,0,52,0,0,0,0,38,0,0,0,0,95,3,0,0,0,0,1,0,0,0,4,0,0,0,0,1,61,44,36,0,0,0,47,5,0,0,1,0,3,2,10,10,0,2,0,0,50,72,12,32,0,77,0,6,0,0,0,2,0,0,0,10,32,0,61,1,0,0,32,0,77,0,64,0,0,41,1,16,0,8,9,0,1,2,65,0,40,0,69,0,45,0,0,34,0,1,0,0,0,0,0,6,30,15,7,49,0,0,0,0,0,0,0,0,0,0,0,0,62,0,9,0,2,19,40,28,0,4,0,61,0,4,68,34,47,49,17,34,50,29,17,14,13,8,6,0,0,0,0,0,0,0,0,0,0,0,0,0,0,0,0,0,0,0,0,0,0,0,0,0,0,0,0,0,0,0,0,0,0,0,0,0,0,0,0,0,0,0,0,0,0,0,0,0,0,0,0,0,0,0,0,0,0,0,0,0,0,0,0,0,0,0,0,0,0,0,0,0,0,0,0,0,0,0,0,0,0,0,0,0,0,0,0,0,0,0,0,0,0,0,0,0,0,0,0,0,0,0,0,0,0,0,0,0,0,0,0,0,0,0,0,0,0,0,0,0,0,0,0,0,0,0,0,0,0,0,0,0,0,0,0,0,0,0,0,0,0,0,0,0,0,0,0,0,0,0,0,0,0,0,0,0,0,0,0,0,0,0,0,0,0,0,0,0,0,0,0,0,0,0,0,0,0,0,0,0,0,0,0,0,0,0,0,0,0,0,0,0,0,0,0,0,0,0,0,0,0,0,0,0,0,0,0,0
2007,0,0,0,0,51,0,0,0,54,57,0,0,19,0,37,0,0,0,6,0,0,0,0,0,0,0,0,0,1,0,0,0,0,0,38,0,0,2,73,0,0,95,0,0,0,0,0,0,53,0,0,0,0,4,0,0,0,0,95,1,0,0,0,0,0,0,0,0,0,0,0,0,0,1,52,47,43,0,4,0,49,0,0,0,0,1,1,2,10,4,0,0,0,0,49,77,7,76,4,115,0,0,0,0,0,0,0,0,0,7,33,0,55,0,0,0,23,0,63,0,64,0,0,41,7,0,0,15,4,0,0,0,36,0,48,5,59,0,44,0,3,0,0,0,0,0,0,0,0,4,3,20,7,52,0,0,0,0,0,0,0,0,0,0,0,0,58,0,10,0,3,15,32,11,0,8,0,68,0,0,70,1,50,57,0,14,37,3,13,0,42,15,0,0,22,10,13,3,1,1,46,17,30,27,23,14,33,1,0,16,10,0,0,0,0,0,0,0,0,0,0,0,0,0,0,0,0,0,0,0,0,0,0,0,0,0,0,0,0,0,0,0,0,0,0,0,0,0,0,0,0,0,0,0,0,0,0,0,0,0,0,0,0,0,0,0,0,0,0,0,0,0,0,0,0,0,0,0,0,0,0,0,0,0,0,0,0,0,0,0,0,0,0,0,0,0,0,0,0,0,0,0,0,0,0,0,0,0,0,0,0,0,0,0,0,0,0,0,0,0,0,0,0,0,0,0,0,0,0,0,0,0,0,0,0,0,0,0,0,0,0,0,0,0,0,0,0,0,0,0,0,0,0,0,0,0,0,0,0,0,0,0,0,0,0,0,0,0,0,0,0,0,0,0,0,0,0,0,0,0,0,0,0,0,0,0,0,0,0,0,0,0,0,0,0,0,0,0,0,0,0,0
2008,1,0,0,0,50,0,0,0,54,57,0,0,3,0,40,0,0,0,5,0,0,0,0,0,0,0,0,0,0,4,0,1,0,0,5,0,0,0,67,0,0,1,0,1,6,0,0,0,51,0,0,0,0,6,0,0,0,0,88,0,0,0,0,0,0,0,0,0,0,0,0,0,6,2,34,43,46,0,0,0,44,1,0,0,0,0,0,2,4,1,0,0,0,0,50,85,2,75,3,110,0,1,0,0,0,0,0,0,0,0,37,0,18,0,0,0,35,0,64,0,56,0,0,13,2,0,0,14,8,0,0,0,53,0,29,2,58,0,41,0,0,0,0,0,0,0,0,4,0,10,1,40,4,42,0,0,0,0,0,0,0,0,0,4,0,0,57,0,1,0,2,11,8,34,0,15,0,62,0,0,70,0,33,61,0,0,14,0,7,0,15,1,0,0,29,10,15,0,0,0,54,0,55,47,47,3,85,0,0,51,25,51,9,34,17,4,29,15,7,0,0,0,0,0,0,0,0,0,0,0,0,0,0,0,0,0,0,0,0,0,0,0,0,0,0,0,0,0,0,0,0,0,0,0,0,0,0,0,0,0,0,0,0,0,0,0,0,0,0,0,0,0,0,0,0,0,0,0,0,0,0,0,0,0,0,0,0,0,0,0,0,0,0,0,0,0,0,0,0,0,0,0,0,0,0,0,0,0,0,0,0,0,0,0,0,0,0,0,0,0,0,0,0,0,0,0,0,0,0,0,0,0,0,0,0,0,0,0,0,0,0,0,0,0,0,0,0,0,0,0,0,0,0,0,0,0,0,0,0,0,0,0,0,0,0,0,0,0,0,0,0,0,0,0,0,0,0,0,0,0,0,0,0,0,0,0,0,0,0,0,0,0,0,0,0,0,0,0,0,0,0,0
2009,0,1,0,0,55,0,0,0,57,54,0,0,3,0,37,0,0,0,0,0,0,0,0,0,1,0,0,0,0,0,0,0,0,0,4,0,0,0,58,0,1,55,0,0,3,0,0,0,52,0,0,0,0,7,0,0,0,0,74,54,0,0,0,0,0,0,0,0,0,0,0,1,0,13,9,43,48,0,10,0,54,0,0,0,0,1,0,33,3,0,0,0,0,0,52,83,1,82,3,96,0,0,0,0,0,0,0,0,0,0,35,0,0,0,0,0,45,0,54,0,51,0,1,0,2,1,0,47,4,0,0,3,36,0,1,18,59,0,36,0,0,1,0,0,0,0,0,1,0,2,0,33,4,48,0,0,0,0,0,0,0,0,0,3,3,0,61,0,1,0,1,5,1,37,0,11,0,66,1,0,28,0,6,49,0,0,25,0,0,0,4,0,0,19,5,3,55,0,0,0,54,0,16,51,66,0,141,0,0,12,6,26,0,36,13,0,27,31,14,15,2,3,5,21,35,41,1,23,23,7,1,5,3,3,0,0,0,0,0,0,0,0,0,0,0,0,0,0,0,0,0,0,0,0,0,0,0,0,0,0,0,0,0,0,0,0,0,0,0,0,0,0,0,0,0,0,0,0,0,0,0,0,0,0,0,0,0,0,0,0,0,0,0,0,0,0,0,0,0,0,0,0,0,0,0,0,0,0,0,0,0,0,0,0,0,0,0,0,0,0,0,0,0,0,0,0,0,0,0,0,0,0,0,0,0,0,0,0,0,0,0,0,0,0,0,0,0,0,0,0,0,0,0,0,0,0,0,0,0,0,0,0,0,0,0,0,0,0,0,0,0,0,0,0,0,0,0,0,0,0,0,0,0,0,0,0,0,0,0,0,0,0,0,0,0,0,0,0,0,0,0,0
2010,0,0,0,0,53,0,0,0,29,49,0,0,2,0,42,0,0,0,0,0,0,0,0,0,0,0,0,0,0,0,0,0,0,0,0,0,0,0,57,0,1,82,0,0,0,0,0,0,49,0,0,0,0,5,0,0,0,0,56,105,0,0,0,0,0,0,0,0,0,0,0,6,0,1,7,42,52,0,11,0,9,0,0,0,0,0,0,12,8,0,0,0,0,0,52,62,0,35,9,60,0,1,0,0,0,0,0,0,0,0,40,0,0,0,0,0,42,0,57,0,42,0,0,0,3,0,0,50,1,0,4,3,39,0,2,41,56,0,42,0,0,2,0,0,0,0,3,0,0,2,2,39,0,35,0,0,0,0,0,0,0,0,0,15,11,0,63,0,0,0,0,3,0,25,0,5,0,66,0,0,0,0,14,47,0,0,26,0,0,0,1,0,0,19,20,3,53,0,0,0,58,0,0,71,66,0,102,0,0,3,3,0,0,62,47,0,0,53,0,15,0,0,0,7,61,64,0,40,45,18,0,20,1,5,2,18,1,30,34,13,1,10,20,4,5,3,4,3,6,1,3,0,0,0,0,0,0,0,0,0,0,0,0,0,0,0,0,0,0,0,0,0,0,0,0,0,0,0,0,0,0,0,0,0,0,0,0,0,0,0,0,0,0,0,0,0,0,0,0,0,0,0,0,0,0,0,0,0,0,0,0,0,0,0,0,0,0,0,0,0,0,0,0,0,0,0,0,0,0,0,0,0,0,0,0,0,0,0,0,0,0,0,0,0,0,0,0,0,0,0,0,0,0,0,0,0,0,0,0,0,0,0,0,0,0,0,0,0,0,0,0,0,0,0,0,0,0,0,0,0,0,0,0,0,0,0,0,0,0,0,0,0,0,0,0,0,0,0,0,0,0,0
2011,0,0,0,0,49,0,0,0,0,51,0,0,4,0,45,0,0,0,0,0,0,0,0,0,0,0,0,0,0,0,0,2,2,0,1,0,0,0,56,0,0,68,0,0,0,0,0,0,53,0,0,0,0,1,0,0,0,0,58,98,0,0,0,1,0,0,0,0,0,0,0,0,0,0,13,40,54,0,0,0,0,0,0,0,0,0,0,0,6,0,0,0,0,0,51,22,0,8,24,17,0,0,0,0,0,0,0,0,0,0,42,0,0,0,0,0,47,0,55,0,2,0,0,0,4,0,0,48,2,0,6,3,3,0,3,71,19,0,37,0,0,0,0,2,0,0,2,2,0,6,0,33,0,7,0,0,0,0,0,0,0,0,0,14,1,0,53,0,0,0,1,5,0,26,1,1,0,65,0,0,0,0,1,35,0,0,3,0,0,0,0,0,0,33,39,0,47,0,0,0,51,0,0,63,66,0,103,0,0,0,5,0,0,26,64,0,0,14,0,6,0,0,0,0,66,47,0,47,44,7,0,2,0,0,0,40,0,4,32,8,0,16,46,0,2,0,3,1,56,27,41,17,38,63,2,3,14,28,41,7,30,4,45,33,23,2,6,4,10,2,0,0,0,0,0,0,0,0,0,0,0,0,0,0,0,0,0,0,0,0,0,0,0,0,0,0,0,0,0,0,0,0,0,0,0,0,0,0,0,0,0,0,0,0,0,0,0,0,0,0,0,0,0,0,0,0,0,0,0,0,0,0,0,0,0,0,0,0,0,0,0,0,0,0,0,0,0,0,0,0,0,0,0,0,0,0,0,0,0,0,0,0,0,0,0,0,0,0,0,0,0,0,0,0,0,0,0,0,0,0,0,0,0,0,0,0,0,0,0,0,0,0,0,0,0,0,0,0,0,0,0,0
2012,0,1,0,0,48,1,0,0,0,25,0,0,0,0,41,0,0,0,0,0,0,0,0,0,0,0,0,0,0,0,0,0,16,0,0,0,0,0,54,0,0,70,0,1,0,0,0,0,51,0,0,0,0,0,0,0,0,0,59,97,0,0,0,0,4,0,0,0,2,0,0,0,0,0,9,47,57,0,0,0,0,0,0,0,0,0,0,0,39,0,0,0,0,5,52,0,0,4,6,12,0,0,0,0,0,0,0,0,0,0,41,105,0,0,0,0,40,0,56,0,3,42,0,0,2,0,0,57,0,0,0,4,0,0,0,50,2,0,23,0,0,0,0,2,0,0,1,0,0,7,0,19,0,0,0,0,0,0,0,0,0,0,0,15,0,0,58,0,0,0,0,8,0,34,0,3,0,70,0,0,0,0,0,23,0,0,0,0,0,0,0,0,0,30,41,1,51,0,0,0,45,0,0,70,64,0,29,0,0,0,6,0,0,0,50,0,0,5,0,2,0,0,0,4,20,60,0,45,45,2,0,0,1,0,0,1,0,0,51,0,0,18,20,3,0,0,3,0,57,0,26,0,11,61,0,0,1,1,60,0,22,0,85,64,45,0,18,18,20,7,0,2,6,52,25,16,7,19,6,4,2,1,1,1,0,1,0,0,0,0,0,0,0,0,0,0,0,0,0,0,0,0,0,0,0,0,0,0,0,0,0,0,0,0,0,0,0,0,0,0,0,0,0,0,0,0,0,0,0,0,0,0,0,0,0,0,0,0,0,0,0,0,0,0,0,0,0,0,0,0,0,0,0,0,0,0,0,0,0,0,0,0,0,0,0,0,0,0,0,0,0,0,0,0,0,0,0,0,0,0,0,0,0,0,0,0,0,0,0,0,0,0,0,0,0,0,0,0,0,0,0,0
2013,5,0,0,0,54,0,0,0,0,10,0,0,0,0,42,0,0,0,0,0,0,0,0,0,0,0,0,0,1,0,0,2,14,0,0,0,0,0,11,0,0,65,0,0,0,0,0,0,51,0,0,0,0,0,0,0,0,0,52,85,0,0,0,0,17,0,0,0,1,0,0,0,0,0,7,45,50,0,1,0,0,0,0,0,0,2,0,1,33,0,0,0,0,2,49,2,0,4,19,36,0,1,0,0,0,0,0,0,0,0,38,89,0,0,0,0,39,0,63,0,0,15,0,0,3,0,0,42,2,0,0,3,0,0,4,57,18,0,15,0,0,0,0,0,0,0,21,0,0,3,0,16,0,0,0,0,0,0,0,0,0,0,0,18,0,0,55,0,0,0,0,9,0,14,0,18,0,61,0,0,0,0,0,43,0,0,0,0,0,0,0,0,0,14,47,2,55,0,0,0,55,0,0,66,63,0,0,0,0,0,0,0,0,0,6,0,0,2,0,0,0,0,0,0,5,59,0,48,46,4,0,0,0,0,0,0,0,0,58,0,0,6,4,0,0,0,0,0,12,0,19,0,9,63,0,1,0,0,3,0,20,0,75,58,0,0,8,20,31,0,5,0,0,53,18,3,0,56,17,10,0,0,18,0,1,7,28,14,11,42,1,3,9,42,17,40,18,15,25,3,3,8,4,4,1,3,0,0,0,0,0,0,0,0,0,0,0,0,0,0,0,0,0,0,0,0,0,0,0,0,0,0,0,0,0,0,0,0,0,0,0,0,0,0,0,0,0,0,0,0,0,0,0,0,0,0,0,0,0,0,0,0,0,0,0,0,0,0,0,0,0,0,0,0,0,0,0,0,0,0,0,0,0,0,0,0,0,0,0,0,0,0,0,0,0,0,0,0,0,0,0,0
2014,9,1,0,0,47,0,0,0,0,26,0,0,0,0,37,0,0,0,0,0,0,0,0,0,1,0,0,0,0,0,0,1,10,0,0,0,0,0,0,0,0,68,0,0,0,0,0,0,46,0,0,0,0,0,0,0,0,0,54,96,0,0,0,0,3,0,0,0,0,0,0,0,0,0,3,38,49,0,0,0,0,0,0,0,0,0,0,0,35,0,0,0,0,0,54,1,0,4,34,15,0,0,0,0,0,0,0,0,0,0,35,74,0,0,0,0,45,0,54,0,3,0,0,0,0,0,0,40,1,0,0,1,0,0,3,47,3,0,3,0,0,0,0,1,0,0,31,3,0,3,0,6,0,0,0,0,0,0,0,0,0,0,0,12,0,0,57,0,0,0,8,3,0,3,0,16,0,62,0,0,0,0,1,49,0,0,0,0,0,0,0,0,0,3,40,0,54,0,0,0,27,0,0,20,53,0,0,0,0,0,5,0,0,5,7,0,0,0,0,0,0,0,0,0,15,46,0,47,51,1,0,0,0,0,0,0,0,0,51,0,0,1,1,0,0,0,0,0,0,0,5,0,3,15,0,0,0,0,0,0,2,0,53,56,2,0,1,11,54,0,0,0,0,12,10,0,0,43,3,3,0,6,2,0,0,0,0,6,5,54,0,0,0,95,23,91,13,15,9,36,11,30,21,15,0,49,17,6,4,43,25,30,51,33,8,1,2,11,2,8,0,0,0,0,0,0,0,0,0,0,0,0,0,0,0,0,0,0,0,0,0,0,0,0,0,0,0,0,0,0,0,0,0,0,0,0,0,0,0,0,0,0,0,0,0,0,0,0,0,0,0,0,0,0,0,0,0,0,0,0,0,0,0,0,0,0,0,0,0,0,0,0,0,0,0,0,0,0,0,0,0,0
2015,15,1,0,0,48,0,0,0,0,50,0,0,0,0,38,0,0,0,0,0,0,0,0,0,0,0,0,0,0,0,0,2,13,0,0,0,0,0,0,0,0,68,0,0,0,0,0,0,46,0,0,0,0,0,0,0,0,0,51,101,0,0,0,0,3,0,0,0,2,0,0,0,0,0,2,36,40,0,0,0,0,0,0,0,0,0,0,0,24,0,0,0,0,0,52,0,0,3,37,5,0,0,0,0,0,0,0,0,0,0,37,65,0,0,0,0,37,0,33,0,14,0,0,0,0,0,0,41,2,0,0,2,0,0,0,50,2,0,0,0,0,0,0,0,0,0,68,0,0,10,0,0,0,0,0,0,0,0,0,0,0,0,0,10,0,0,53,0,0,0,12,4,0,1,0,28,0,62,0,0,0,0,1,44,0,0,0,0,0,0,0,0,0,3,13,2,47,0,0,0,33,0,0,19,48,0,51,0,0,0,2,0,0,0,3,0,0,0,0,0,0,0,0,0,2,53,0,46,48,0,0,0,0,0,0,0,0,0,38,0,0,0,5,0,0,0,0,0,0,0,0,0,0,6,0,0,0,0,0,0,0,0,51,18,35,0,1,10,47,0,0,0,0,2,8,0,0,14,0,1,0,10,3,0,0,0,0,2,5,41,0,0,0,74,40,49,0,1,13,37,9,12,11,0,0,3,11,0,0,62,3,36,71,25,7,0,12,1,0,49,7,18,7,23,18,40,2,5,17,17,4,7,10,7,4,3,3,0,0,0,0,0,0,0,0,0,0,0,0,0,0,0,0,0,0,0,0,0,0,0,0,0,0,0,0,0,0,0,0,0,0,0,0,0,0,0,0,0,0,0,0,0,0,0,0,0,0,0,0,0,0,0,0,0,0,0,0,0,0,0,0,0
2016,21,0,0,0,13,0,0,0,0,52,2,0,1,0,34,0,0,0,0,0,0,0,0,0,0,0,0,0,0,0,0,0,6,0,0,0,0,0,0,0,0,56,0,0,0,0,0,0,47,0,0,0,0,0,0,0,0,0,50,99,0,0,0,0,2,0,0,0,2,0,0,0,0,0,11,41,52,0,0,0,0,0,0,0,0,0,0,0,0,0,0,0,0,0,53,0,0,3,27,14,0,0,0,0,0,0,0,0,0,0,34,26,0,0,0,0,37,0,11,0,43,0,0,0,0,0,0,16,0,0,0,1,0,0,1,64,5,0,0,0,1,0,0,0,0,0,64,0,0,10,0,0,0,0,0,0,0,0,0,0,0,0,0,6,0,0,56,0,0,0,23,5,0,3,0,8,0,63,0,0,0,0,0,44,0,0,0,0,0,0,0,0,0,1,0,0,59,0,0,0,27,0,0,18,58,0,5,0,0,0,3,0,0,0,9,0,0,0,0,0,0,0,0,0,1,76,0,49,51,0,0,0,0,0,0,0,0,0,2,0,0,0,0,0,0,0,0,0,0,0,0,0,0,8,0,0,0,0,0,0,0,0,32,0,18,0,0,8,28,0,0,0,0,0,4,0,0,48,0,0,0,6,0,0,0,0,0,0,1,47,0,0,0,60,61,0,0,0,2,41,2,0,0,0,0,1,5,0,0,57,0,20,69,20,0,0,7,0,0,61,0,1,0,16,37,11,0,0,19,81,31,7,49,24,33,5,46,38,10,1,17,31,6,16,7,14,11,11,11,1,4,6,1,1,0,0,0,0,0,0,0,0,0,0,0,0,0,0,0,0,0,0,0,0,0,0,0,0,0,0,0,0,0,0,0,0,0,0,0,0,0,0,0,0,0,0,0,0,0,0,0,0
2017,34,0,0,0,0,0,0,0,0,56,4,0,0,0,20,0,0,0,2,0,0,0,0,0,0,0,0,0,0,0,0,1,12,0,0,0,0,0,0,0,0,56,0,0,0,0,0,0,45,0,0,0,0,0,0,0,0,0,54,86,0,0,0,0,4,0,0,0,0,0,0,0,0,0,39,42,54,0,0,0,0,0,0,0,0,0,0,0,1,0,0,0,0,0,51,19,0,0,7,6,0,0,0,0,0,0,0,0,0,0,39,24,0,0,0,0,40,0,14,0,75,0,0,0,0,0,0,1,1,0,0,0,0,0,0,63,0,0,0,0,5,0,0,0,0,0,68,0,0,6,0,0,1,0,0,0,0,0,0,0,0,0,0,7,0,0,58,0,0,0,15,9,0,10,0,25,0,61,0,0,0,0,3,36,0,0,0,0,0,0,0,0,0,6,1,0,52,0,0,0,21,0,0,18,45,0,0,0,0,0,1,0,0,0,0,0,0,0,0,0,0,0,0,0,0,58,0,41,48,0,0,0,0,0,0,0,0,0,0,0,0,0,0,0,0,0,0,0,0,0,0,0,0,3,0,0,0,0,0,0,0,0,2,1,7,0,0,1,6,0,0,0,0,0,3,0,0,45,0,3,0,10,0,0,0,0,0,0,0,51,0,0,0,35,70,0,0,0,0,33,3,0,0,0,0,0,0,0,0,44,0,11,53,21,1,0,1,0,0,37,0,0,0,2,56,6,0,0,14,33,19,0,34,16,5,0,76,10,3,0,9,45,9,15,0,39,29,4,22,0,0,24,42,66,1,38,2,29,6,20,4,17,6,9,12,1,3,1,0,0,0,0,0,0,0,0,0,0,0,0,0,0,0,0,0,0,0,0,0,0,0,0,0,0,0,0,0,0,0,0,0,0
2018,38,1,0,0,1,0,0,0,0,54,5,0,0,0,6,0,0,0,7,0,0,0,0,0,0,0,0,0,0,0,0,0,2,0,0,0,0,0,0,0,0,57,0,0,0,0,0,0,50,0,0,0,0,0,0,0,0,0,51,93,0,0,0,0,2,0,0,0,1,0,0,0,0,0,7,43,49,0,0,0,0,0,0,0,0,0,0,0,1,0,0,0,0,0,48,23,0,0,1,10,0,0,0,0,0,0,0,0,0,0,37,7,0,0,0,0,45,0,26,0,80,0,0,0,0,0,0,2,0,0,0,0,0,0,0,54,4,0,0,0,4,0,0,0,0,0,71,0,0,6,0,1,0,0,0,0,0,0,0,0,0,0,0,3,0,0,55,0,0,0,13,8,0,6,0,14,0,61,0,0,0,0,4,18,0,0,1,0,0,0,0,0,0,7,13,0,50,0,0,0,19,0,0,16,42,0,47,0,0,0,1,0,0,0,1,0,0,0,0,0,0,0,0,0,0,56,0,38,50,0,0,0,0,0,0,0,0,0,3,0,0,0,0,0,0,0,0,0,0,0,0,0,0,2,0,0,0,0,0,0,0,0,1,6,2,0,0,9,10,0,0,0,0,0,2,0,0,22,0,0,0,7,0,0,0,0,0,0,0,37,0,0,0,43,67,0,0,0,0,23,0,0,0,0,0,0,0,0,0,49,0,4,10,29,0,0,0,0,0,5,0,1,0,2,31,2,0,0,24,40,2,0,35,6,0,0,44,0,0,0,0,36,6,3,0,28,48,0,12,0,0,30,41,46,0,38,0,38,0,36,0,24,1,38,51,2,20,2,5,1,13,4,6,63,15,27,4,20,21,4,10,4,0,0,0,0,0,0,0,0,0,0,0,0,0,0,0,0,0,0,0,0
2019,25,0,0,0,0,0,0,0,0,53,0,0,1,0,0,0,0,0,5,0,0,0,0,0,0,0,0,0,2,0,0,0,4,0,0,0,0,0,0,0,0,50,0,0,0,0,0,0,45,0,0,0,0,0,0,0,0,0,56,95,0,0,0,0,1,0,0,0,0,0,0,0,0,0,1,42,52,0,0,0,0,0,0,0,0,0,0,3,6,0,0,0,0,0,36,17,0,1,0,8,0,0,0,0,0,0,0,0,0,0,33,14,0,0,0,0,33,0,21,0,21,0,0,0,3,0,0,2,0,0,0,0,0,0,0,65,0,0,0,0,0,0,0,0,0,0,87,0,0,20,0,2,1,0,0,0,0,0,0,0,0,0,0,12,0,0,51,0,0,0,8,7,0,5,0,17,0,62,0,0,0,0,2,16,0,0,0,0,0,0,0,0,0,11,41,0,43,0,0,0,17,0,0,46,49,0,2,0,0,0,0,0,0,0,0,0,0,0,0,0,0,0,0,0,0,66,0,40,46,0,0,0,0,0,0,0,0,0,29,0,0,0,0,0,0,0,0,0,0,0,0,0,0,0,0,0,0,0,0,0,0,0,6,40,0,0,0,4,7,0,0,0,0,0,1,0,0,19,0,0,0,10,0,0,0,0,0,0,0,41,0,0,0,10,65,0,0,0,0,5,0,0,0,0,0,0,0,0,0,26,0,0,12,57,0,0,0,0,0,5,0,0,0,0,12,0,0,0,55,28,13,0,29,10,0,0,64,0,2,0,0,2,1,3,0,50,43,0,3,0,0,1,48,0,0,26,0,7,0,25,0,6,0,8,50,0,0,0,0,0,3,1,0,82,35,21,13,47,49,0,58,28,9,3,3,23,21,8,19,19,16,2,3,0,1,0,0,0,0,0,0,0
2020,34,0,0,0,0,0,0,0,0,57,1,0,0,0,38,0,0,0,6,0,0,0,0,0,0,0,0,0,0,0,0,0,2,0,0,0,0,0,0,0,0,59,0,0,0,0,0,0,13,0,0,0,0,0,0,0,0,0,52,104,0,0,0,0,0,0,0,0,0,0,0,0,0,0,0,50,40,0,0,0,0,0,0,0,0,0,0,5,0,0,0,0,0,0,0,17,0,0,0,6,0,0,0,0,0,0,0,0,0,0,21,5,0,0,0,0,11,0,15,0,0,0,0,0,0,0,0,4,1,0,0,0,0,0,0,96,0,0,0,0,0,0,0,0,0,0,58,0,0,17,0,0,0,0,0,0,0,0,0,0,0,0,0,1,0,0,53,0,0,0,1,10,0,6,0,5,0,63,0,0,0,0,2,20,0,0,0,0,0,0,0,0,0,7,36,0,43,0,0,0,11,0,0,26,16,0,0,0,0,0,0,0,0,0,0,0,0,0,0,0,0,0,0,0,0,43,0,48,46,0,0,0,0,0,0,0,0,0,50,0,0,0,0,0,0,0,0,0,0,0,0,0,0,0,0,0,0,0,0,0,0,0,3,10,0,0,0,6,0,0,0,0,0,0,6,0,0,3,0,0,0,0,0,0,0,0,0,0,0,49,0,0,0,8,25,0,0,0,0,2,0,0,0,0,0,0,0,0,0,0,0,0,32,48,0,0,0,0,0,0,0,0,0,0,5,0,0,0,71,10,5,0,3,3,0,0,16,0,0,0,0,1,0,0,0,23,50,0,2,0,0,0,41,0,0,5,0,1,0,8,0,0,0,0,49,0,0,0,0,0,0,11,0,58,57,15,0,0,70,0,32,16,0,0,0,3,39,4,26,14,0,0,1,2,10,8,3,3,559,23,9,2